Alloy,Tg,Tx,Tl,Dmax,Heating_Rate-1,Heating_Rate-2,Fabrication_Method,No of Elements
Cu55Zr42.5Ga2.5,709,762,1199,1,0.67,0.17,Cu mold,2
Cu57.5Zr37.5Ga5,745,785,1241,1,0.67,0.17,Cu mold,2
Cu52.5Zr40Ga7.5,744,777,1218,1.5,0.67,0.17,Cu mold,2
Cu55Zr40Ga5,736,779,1193,2,0.67,0.17,Cu mold,2
Cu52.5Zr42.5Ga5,733,777,1187,2,0.67,0.17,Cu mold,2
Cu46Zr54,696,746,1201,2,0.33,0.33,Cu mold,1
Cu46Zr47Al7,705,781,1163,3,0.33,0.33,Cu mold,2
Cu46Zr37Al7Y10,665,743,1118,4,0.33,0.33,Cu mold,3
Cu46Zr45Al7Y2,693,770,1143,8,0.33,0.33,Cu mold,3
Cu46Zr42Al7Y5,672,772,1113,10,0.33,0.33,Cu mold,3
Cu60Hf25Ti15,730,790,1177,4,0.67,0.17,Cu mold,2
Cu52.5Hf40Al7.5,779,833,1250,3,0.67,0.17,Cu mold,2
Cu60Zr30Ti10,720,757,1160,4,0.67,0.67,Cu mold,2
Cu47Ti33Zr11Si1Ni6Sn2,720,765,1140,6,0.67,0.33,Cu mold,5
Cu50Zr43Al7,721,792,1176,4,0.67,0.33,Cu mold,2
Cu47Zr43Al7Ag3,716,795,1156,5,0.67,0.33,Cu mold,3
Cu47Zr43Al7Be3,715,798,1139,6,0.67,0.33,Cu mold,3
Cu43Zr43Al7Ag7,710,797,1125,8,0.67,0.33,Cu mold,3
Cu43Zr43Al7Be7,710,813,1126,12,0.67,0.33,Cu mold,3
Cu49Hf42Al9,778,863,1249,10,0.67,0.33,Cu mold,2
Cu45Zr48Al7,708,766,1186,5,0.33,0.33,Cu mold,2
Cu47Ti33Zr11Ni8Si1,720,757,1157,4,0.67,0.33,Cu mold,4
Cu47Ti33Zr9Nb2Ni8Si1,728,762,1159,5,0.67,0.33,Cu mold,5
Cu47Ti33Zr7Nb4Ni8Si1,713,736,1172,5,0.67,0.33,Cu mold,5
Cu47Ti33Zr5Nb6Ni8Si1,712,739,1187,2,0.67,0.33,Cu mold,5
Cu47Ti33Zr3Nb8Ni8Si1,708,731,1228,1,0.67,0.33,Cu mold,5
Cu47Ti33Nb11Ni8Si1,710,732,1265,0.5,0.67,0.33,Cu mold,4
Cu47Zr11Ni8Ti34,671,717,1160,3,0.67,0.17,Cu mold,3
Cu60Zr30Ti10,713,750,1151,4,0.67,0.17,Cu mold,2
Cu58.8Zr29.4Ti9.8Y2,707,757,1122,5,0.67,0.17,Cu mold,3
Cu54Zr27Ti9Be10,720,762,1130,5,0.67,0.17,Cu mold,3
Cu59.4Zr29.7Ti9.9Sn1,730,776,1155,5,0.67,0.17,Cu mold,3
Cu60Hf25Ti15,745,805,1182,4,0.67,0.33,Cu mold,2
Cu58.8Hf19.6Ti14.7Nb2,746,792,1184,4,0.67,0.33,Cu mold,3
Cu57.6Hf24Ti14.4Nb4,747,789,1188,4,0.67,0.33,Cu mold,3
Cu56.4Hf23.5Ti14.1Nb6,745,785,1190,4,0.67,0.33,Cu mold,3
Cu55.2Hf23Ti13.8Nb8,745,783,1198,2.5,0.67,0.33,Cu mold,3
Cu60Zr33Ti7,740,768,1191,3,0.67,0.33,Cu mold,2
Cu54Ag6Zr33Ti7,709,738,1135,6,0.67,0.33,Cu mold,3
Cu46.4Ag11.6Zr35Ti7,689,732,1119,6,0.67,0.33,Cu mold,3
Cu60Zr30Ti10,724,746,1175,2,0.67,0.33,Cu mold,2
Cu55Ni5Zr30Ti10,717,750,1204,2,0.67,0.33,Cu mold,3
Cu55Ni5Zr30Ti10,727,754,1251,1,0.67,0.33,Cu mold,3
Cu55Ag5Zr30Ti10,704,733,1149,3,0.67,0.33,Cu mold,3
Cu50Ag10Zr30Ti10,694,726,1130,4,0.67,0.33,Cu mold,3
Cu45Ag15Zr30Ti10,687,717,1121,5,0.67,0.33,Cu mold,3
Cu40Ag20Zr30Ti10,677,708,1125,3,0.67,0.33,Cu mold,3
Cu35Ag25Zr30Ti10,677,706,1138,2,0.67,0.33,Cu mold,3
Cu45Ni5Ag10Zr30Ti10,710,738,1160,5,0.67,0.33,Cu mold,4
Cu60Hf20Ti20,740,767,1211,4,0.33,0.33,Cu mold S,2
Cu60Hf17.5Ti22.5,732,755,1229,3,0.33,0.33,Cu mold S,2
Cu45Zr45Ag10,683,756,1159,6,0.67,0.33,Cu mold I,2
Cu45Zr45Ag7Al3,688,768,1151,7,0.67,0.33,Cu mold I,3
Cu45Zr45Ag5Al5,697,783,1147,9,0.67,0.33,Cu mold I,3
Cu45Zr45Ag3Al7,708,786,1177,8,0.67,0.33,Cu mold I,3
Cu44Zr44Ag6Al6,698,790,1144,10,0.67,0.33,Cu mold I,3
Cu42Zr42Ag8Al8,705,780,1213,12,0.67,0.33,Cu mold I,3
Cu40Zr40Ag10Al10,710,765,1273,3,0.67,0.33,Cu mold I,3
Cu40Zr44Ag8Al8,693,791,1176,15,0.67,0.33,Cu mold I,3
Cu38Zr46Ag8Al8,692,795,1145,20,0.67,0.33,Cu mold I,3
Cu36Zr48Ag8Al8,683,791,1142,25,0.67,0.33,Cu mold I,3
Cu34Zr50Ag8Al8,680,780,1148,15,0.67,0.33,Cu mold I,3
Cu50Zr50,686,744,1237,2,0.67,0.17,Cu mold,1
Cu46Zr46Ag8,677,745,1167,4,0.67,0.17,Cu mold,2
Cu44Zr44Ag12,684,764,1156,4,0.67,0.17,Cu mold,2
Cu42Zr42Ag16,685,757,1232,2,0.67,0.17,Cu mold,2
Cu45Zr35Ag10Hf10,690,769,1171,4,0.67,0.17,Cu mold,3
Cu45Zr25Ag10Hf20,698,783,1218,3,0.67,0.17,Cu mold,3
Cu45Zr15Ag10Hf30,712,799,1275,2,0.67,0.17,Cu mold,3
Cu50Zr50,670,717,1208,2,0.33,0.33,Cu mold,1
Cu43Zr43Ag7Ti7,670,714,1118,5,0.33,0.33,Cu mold,3
Cu43Zr43Ag7In7,704,748,1135,5,0.33,0.33,Cu mold,3
Cu43Zr40Ag7Ti10,656,707,1095,7,0.33,0.33,Cu mold,3
Cu64Zr36,787,833,1230,2,0.33,0.33,Cu mold,1
Cu57Zr36Ag7,712,755,1156,4,0.33,0.33,Cu mold,2
Cu54Zr36Ag10,719,759,1146,6,0.33,0.33,Cu mold,2
Cu49Zr36Ag10Ti5,691,737,1130,8,0.33,0.33,Cu mold,3
Cu50Zr42.5Ti7.5,677,717,1152,5,0.67,0.67,Cu mold I,2
Cu49.5Zr42.075Ti7.425Sn1,683,730,1140,6,0.67,0.67,Cu mold I,3
Cu49.5Zr42.075Ti7.425Si1,683,731,1141,6,0.67,0.67,Cu mold I,3
Cu49.4Zr41.99Ti7.41Sn0.6Si0.6,682,734,1141,7,0.67,0.67,Cu mold I,4
Ca66.4Al33.6,528,540,873,1,0.33,0.33,Cu mold,1
Ca60Al30Ag10,483,531,868,2,0.33,0.33,Cu mold,2
Ca63Al32Cu5,512,523,831,2,0.33,0.33,Cu mold,2
Ca55Mg25Zn20,375,418,751,1,0.67,0.67,Cu mold W,2
Ca55Mg20Zn25,383,428,702,2,0.67,0.67,Cu mold W,2
Ca55Mg18Zn27,389,419,671,0.5,0.67,0.67,Cu mold W,2
Ca55Mg15Zn30,387,419,696,0.5,0.67,0.67,Cu mold W,2
Ca60Mg25Zn15,377,409,744,1,0.67,0.67,Cu mold W,2
Ca60Mg20Zn20,378,415,660,4,0.67,0.67,Cu mold W,2
Ca60Mg17.5Zn22.5,383,421,650,10,0.67,0.67,Cu mold W,2
Ca60Mg15Zn25,379,427,650,6,0.67,0.67,Cu mold W,2
Ca60Mg10Zn30,380,400,666,0.5,0.67,0.67,Cu mold W,2
Ca62.5Mg17.5Zn20,375,412,640,10,0.67,0.67,Cu mold W,2
Ca65Mg25Zn10,387,405,759,0.5,0.67,0.67,Cu mold W,2
Ca65Mg20Zn15,380,405,668,5,0.67,0.67,Cu mold W,2
Ca65Mg15Zn20,377,410,630,6,0.67,0.67,Cu mold W,2
Ca65Mg10Zn25,377,412,659,2,0.67,0.67,Cu mold W,2
Ca70Mg15Zn15,371,397,688,0.5,0.67,0.67,Cu mold W,2
Ca70Mg10Zn20,389,419,671,0.5,0.67,0.67,Cu mold W,2
Ca40Mg30Cu30,395,430,694,0.5,0.67,0.17,Cu mold W,2
Ca40Mg25Cu35,399,436,680,4,0.67,0.17,Cu mold W,2
Ca45Mg30Cu25,401,436,717,1,0.67,0.17,Cu mold W,2
Ca45Mg25Cu30,400,438,678,6,0.67,0.17,Cu mold W,2
Ca45Mg19Cu36,399,428,714,0.5,0.67,0.17,Cu mold W,2
Ca47.5Mg22.5Cu30,399,440,673,6,0.67,0.17,Cu mold W,2
Ca50Mg30Cu20,402,439,731,2,0.67,0.17,Cu mold W,2
Ca50Mg25Cu25,400,439,655,9,0.67,0.17,Cu mold W,2
Ca50Mg22.5Cu27.5,400,442,663,10,0.67,0.17,Cu mold W,2
Ca50Mg20Cu30,401,442,690,8,0.67,0.17,Cu mold W,2
Ca53Mg23Cu24,406,439,655,7,0.67,0.17,Cu mold W,2
Ca55Mg25Cu20,398,428,668,8,0.67,0.17,Cu mold W,2
Ca55Mg20Cu25,399,426,720,2,0.67,0.17,Cu mold W,2
Ca55Mg15Cu30,397,437,706,3,0.67,0.17,Cu mold W,2
Ca55Mg10Cu35,397,422,770,0.5,0.67,0.17,Cu mold W,2
Ca58Mg18Cu24,388,426,667,6,0.67,0.17,Cu mold W,2
Ca60Mg25Cu15,390,416,676,2,0.67,0.17,Cu mold W,2
Ca60Mg20Cu20,387,412,678,4,0.67,0.17,Cu mold W,2
Ca60Mg15Cu25,396,428,687,1,0.67,0.17,Cu mold W,2
Ca60Mg13Cu27,394,426,701,1,0.67,0.17,Cu mold W,2
Ca65Mg25Cu10,405,429,691,0.5,0.67,0.17,Cu mold W,2
Ca65Mg20Cu15,386,405,679,2,0.67,0.17,Cu mold W,2
Ca65Mg15Cu20,383,409,682,4,0.67,0.17,Cu mold W,2
Ca65Mg10Cu25,388,420,711,2,0.67,0.17,Cu mold W,2
Ca65Mg5Cu30,403,424,757,0.5,0.67,0.17,Cu mold W,2
Ca70Mg20Cu10,356,385,702,0.5,0.67,0.17,Cu mold W,2
Ca70Mg10Cu20,385,407,713,1,0.67,0.17,Cu mold W,2
Ca55Mg11Zn11Cu23,379,430,717,1,0.67,0.67,Cu mold W,3
Ca50Mg20Zn5Cu25,399,441,654,10,0.67,0.67,Cu mold W,3
Ca50Mg15Zn10Cu25,395,434,678,10,0.67,0.67,Cu mold W,3
Ca50Mg10Zn15Cu25,395,427,702,2,0.67,0.67,Cu mold W,3
Ca50Mg25Zn15Cu10,383,430,723,8,0.67,0.67,Cu mold W,3
Ca47Mg19Zn7Cu27,393,440,676,6,0.67,0.67,Cu mold W,3
Mg80Ni10Nd10,454,471,878,0.6,0.67,0.33,Cu mold W,2
Mg70Ni15Nd15,467,489,844,1.5,0.67,0.33,Cu mold W,2
Mg75Ni15Nd10,450,470,790,2.8,0.67,0.33,Cu mold W,2
Mg65Cu25Er10,422,480,766,3,0.67,0.67,Cu mold I,2
Mg65Ni20Nd15,459,501,805,3.5,0.67,0.33,Cu mold W,2
Mg65Cu15Ag10Er10,427,465,733,6,0.67,0.67,Cu mold I,3
Mg65Cu7.5Ni7.5Zn5Ag5Y10,426,464,717,9,0.33,0.016,Cu mold,5
Mg65Cu25Y10,413,473,760,4,0.33,0.33,Cu moldC,2
Mg65Cu25Gd10,423,484,740,8,0.33,0.33,Cu moldC,2
Mg65Cu25Dy10,422,492,750,3,0.33,0.33,Cu mold,2
Mg65Cu25Pr10,413,446,784,1,0.33,0.33,Cu mold,2
Mg65Cu25Nd10,423,456,744,1,0.33,0.33,Cu mold,2
Mg65Cu25Ho10,417,473,751,1,0.33,0.33,Cu mold,2
Mg65Cu15Ag5Pd5Gd10,430,472,748,10,0.33,0.33,Cu mold,4
Mg65Cu25Gd5Y5,413,486,755,5,0.33,0.33,Cu mold,3
Mg65Cu20Ni5Gd10,420,481,786,5,0.67,0.33,Cu mold,3
Mg65Cu15Ag10Y4Gd6,424,467,682,8,0.33,0.16,Cu mold S,4
Mg65Cu15Ag10Y2Gd8,420,464,683,9,0.33,0.16,Cu mold S,4
Mg65Cu15Ag10Gd10,416,459,686,7.5,0.33,0.16,Cu mold S,3
Mg65Cu7.5Ni7.5Ag5Zn5Gd10,440,477,726,11,0.67,0.67,Cu mold I,5
Mg65Cu7.5Ni7.5Ag5Zn5Gd7.5Y2.5,438,474,719,13,0.67,0.67,Cu mold I,6
Mg65Cu7.5Ni7.5Ag5Zn5Gd5Y5,434,472,718,14,0.67,0.67,Cu mold I,6
Mg65Cu7.5Ni7.5Ag5Zn5Gd2.5Y7.5,433,473,735,9.5,0.67,0.67,Cu mold I,6
Mg65Cu7.5Ni7.5Ag5Zn5Y10,430,459,728,9,0.67,0.67,Cu mold I,5
Mg58.5Cu30.5Y11,422,496,762,9,0.33,0.33,Cu mold I,2
Mg57Cu31.5Y9.2Nd2.3,428,502,777,10,0.33,0.33,Cu mold I,3
Mg57Cu31.5Y8Nd3.5,426,501,778,12,0.33,0.33,Cu mold I,3
Mg57Cu31Y6.6Nd5.4,427,491,778,14,0.33,0.33,Cu mold I,3
Mg65.5Cu25.4Gd9,411,457,741,6,0.17,0.17,Cu mold,2
Mg63.5Cu27.5Gd9,425,469,773,4,0.17,0.17,Cu mold,2
Mg61.5Cu29.5Gd9,433,472,785,4,0.17,0.17,Cu mold,2
Mg65Cu25Gd10,413,473,739,7,0.17,0.17,Cu mold,2
Mg63Cu27Gd10,418,481,755,4,0.17,0.17,Cu mold,2
Mg61Cu29Gd10,420,480,762,4,0.17,0.17,Cu mold,2
Mg59Cu31Gd10,424,482,769,4,0.17,0.17,Cu mold,2
Mg64.5Cu24.5Gd11,413,472,739,6,0.17,0.17,Cu mold,2
Mg62.5Cu26.5Gd11,427,483,748,9,0.17,0.17,Cu mold,2
Mg60.5Cu28.5Gd11,425,485,755,8,0.17,0.17,Cu mold,2
Mg58.5Cu30.5Gd11,427,490,753,8,0.17,0.17,Cu mold,2
Mg61Cu28Gd11,422,483,737,12,0.33,0.33,Cu mold,2
La66Al14Cu20,395,449,731,2,0.33,0.33,Cu mold,2
La55Al25Ni20,491,555,941,3,0.67,0.33,Cu mold HPDC,2
La55Al25Ni10Cu10,467.4,547.2,835,5,0.67,0.33,Cu mold HPDC,3
La55Al25Cu20,455.9,494.8,896.1,3,0.67,0.33,Cu mold HPDC,2
La55Al25Ni5Cu10Co5,465.2,541.8,822.5,9,0.67,0.33,Cu mold HPDC,4
La62Cu12Ni12Al14,423,452,744,12,0.33,0.33,Cu mold S,3
La62Al14Cu24,401,449,734,5,0.33,0.33,Cu mold S,2
La62Al14Cu22Ag2,401,455,722,5,0.33,0.33,Cu mold S,3
La62Al14Cu20Ag4,404,456,729,8,0.33,0.33,Cu mold S,3
La62Al14Cu19Ag5,405,456,730,5,0.33,0.33,Cu mold S,3
La62Al14Cu18Ag6,406,457,736,5,0.33,0.33,Cu mold S,3
La62Al14Cu17Ag7,406,458,739,5,0.33,0.33,Cu mold S,3
La62Al14Cu16Ag8,407,458,744,5,0.33,0.33,Cu mold S,3
La62Al14Cu16.66Ag3.34Ni2Co2,412,472,713,16,0.33,0.33,Cu mold S,5
La62Al14Cu13.33Ag2.67Ni4Co4,415,477,708,16,0.33,0.33,Cu mold S,5
La62Al14Cu11.66Ag2.34Ni5Co5,418,491,703,20,0.33,0.33,Cu mold S,5
La62Al14Cu10Ag2Ni6Co6,429,471,698,16,0.33,0.33,Cu mold S,5
La32Ce32Al16Ni5Cu15,403,451,712,10,0.33,0.33,Cu mold S,4
La32Ce32Al16Ni5Cu12Co3,406,455,709,10,0.33,0.33,Cu mold S,5
La32Ce32Al16Ni5Cu10Co5,413,467,718,12,0.33,0.33,Cu mold S,5
La32Ce32Al16Ni5Cu7Co8,416,471,739,10,0.33,0.33,Cu mold S,5
La32Ce32Al16Ni5Cu5Co10,424,472,767,10,0.33,0.33,Cu mold S,5
La62Al14Cu12Ni12,423,452,744,12,0.67,0.67,Cu mold,3
La55Al25Cu20,443,498,879,2,0.67,0.17,Cu mold,2
La55Al20Ag5Cu20,429,503,823,4,0.67,0.17,Cu mold,3
La55Al17.5Ag7.5Cu20,425,498,852,3,0.67,0.17,Cu mold,3
La55Al15Ag10Cu20,416,483,787,2,0.67,0.17,Cu mold,3
La55Al25Ag5Cu15,452,503,860,3,0.67,0.17,Cu mold,3
La60Al15Ag5Cu20,401,481,759,5,0.67,0.17,Cu mold,3
La62.5Al12.5Ag5Cu20,389,472,721,6,0.67,0.17,Cu mold,3
La65Al10Ag5Cu20,380,458,716,5,0.67,0.17,Cu mold,3
La62.5Al12.5Ag5Cu17.5Fe2.5,391,464,711,7,0.67,0.17,Cu mold,4
La62.5Al12.5Ag5Cu15Fe5,390,445,713,6,0.67,0.17,Cu mold,4
La62.5Al12.5Ag5Cu17.5Co2.5,393,473,712,8,0.67,0.17,Cu mold,4
La62.5Al12.5Ag5Cu15Co5,397,474,700,9,0.67,0.17,Cu mold,4
Pd79.5Cu4Si16.5,635,675,1086,0.75,0.33,0.33,Melt Spin,2
Pd77.5Cu6Si16.5,637,678,1058,1.5,0.33,0.33,Melt Spin,2
Pd81.5Cu2Si6.5,633,670,1097,2,0.33,0.33,SiO2 tube,2
Pd77Cu6Si17,642,686,1128,2,0.33,0.33,SiO2 tube,2
Pd73.5Cu10Si16.5,645,685,1136,2,0.33,0.33,SiO2 tube,2
Pd71.5Cu12Si16.5,652,680,1154,2,0.33,0.33,SiO2 tube,2
Pd40Ni40P20,590,671,991,25,0.33,0.33,SiO2 tube,2
Pd40Cu30Ni10P20,576.9,655.8,836,72,0.33,0.33,SiO2 tube,3
Pd77Cu6Si17,642.4,686.4,1128,2,0.33,0.33,SiO2 tube,2
Pd79Cu6Si10P5,609,682,995,5,0.33,0.33,Cu mold,3
Pd79Cu5Ag1Si10P5,614,684,1001,4,0.33,0.33,Cu mold,4
Pd79Cu4Ag2Si10P5,613,684,1005,5,0.33,0.33,Cu mold,4
Pd79Cu3Ag3Si10P5,610,683,1005,5,0.33,0.33,Cu mold,4
Pd79Cu2Ag4Si10P5,611,676,1006,7,0.33,0.33,Cu mold,4
Ti50Ni30Cu32Sn3,686,759,1283,1,0.67,0.33,Cu mold I,3
Ti50Ni15Cu25Sn3Be7,688,733,1207,2,0.67,0.33,Cu mold I,4
Ti45Ni15Cu25Sn3Be7Zr5,680,741,1142,5,0.67,0.33,Cu mold I,5
Ti40Zr25Ni8Cu9Be18,621,668,1009,8,0.67,0.33,Cu mold I,4
Ti50Cu42.5Ni7.5,670,708,1226,0.2,0.67,0.08,Cu mold,2
Ti47.5Zr2.5Cu42.5Ni7.5,673,720,1225,1.5,0.67,0.08,Cu mold,3
Ti42.5Zr2.5Hf5Cu42.5Ni7.5,677,726,1203,2.5,0.67,0.08,Cu mold,4
Ti41.5Zr2.5Hf5Cu42.5Ni7.5Si1,680,730,1199,5,0.67,0.08,Cu mold,5
Ti55Zr10Cu9Ni8Be18,629,667,1013,6,0.67,0.33,Cu mold I,4
Ti50Zr15Cu9Ni8Be18,622,662,1009,6,0.67,0.33,Cu mold I,4
Ti50Ni24Cu20B1Si2Sn3,726,800,1310,1,0.67,0.33,Cu mold,5
Ti34Zr11Cu47Ni8,698.4,727.2,1169,4.5,0.33,0.33,Cu mold I,3
Ti41.5Zr2.5Hf5Cu42.5Ni7.5Si1,684.6,719.9,1206,2,0.33,0.33,Cu moldD,5
Ti41.5Zr2.5Hf5Cu37.5Ni7.5Si1Sn5,693.3,757.5,1176,6,0.33,0.33,Cu moldD,6
Ti40Zr10Cu40Pd10,660,709,1184,4,0.67,0.33,Cu mold,3
Ti40Zr10Cu34Pd16,672,723,1231,4,0.67,0.33,Cu mold,3
Ti40Zr10Cu32Pd18,683,740,1272,3,0.67,0.33,Cu mold,3
Ti40Zr10Cu30Pd20,687,747,1279,3,0.67,0.33,Cu mold,3
Ti53Cu15Ni18.5Al7Si3Sc3B0.5,709,767,1240,2,0.67,0.17,Cu mold,6
Ti53Cu15Ni18.5Al7Si3Hf3B0.5,695,749,1230,2,0.67,0.17,Cu mold,6
Ti40Zr10Cu38Pd12,666,715,1189,6,0.67,0.33,Cu mold,3
Ti40Zr10Cu36Pd14,669,718,1191,6,0.67,0.33,Cu mold,3
Pr68Cu25Al7,382,402,705,1.5,0.33,0.33,Cu mold S,2
Y56Al24Co20,636,690,1078,1.5,0.33,0.33,Brass M,2
Y36Sc20Al24Co20,645,760,1034,25,0.33,0.33,Brass M,3
Y36Sc20Al24Co10Ni10,645,731,1010,25,0.33,0.33,Brass M,4
Co50Cr15Mo14C15B6,819,895,1417,2,0.33,0.33,Cu mold,4
Co48Cr15Mo14C15B6Er2,848,933,1394,10,0.33,0.33,Cu mold,5
Co43Fe20Ta5.5B31.5,910,982,1526,2,0.67,0.67,Cu mold I,3
Co64.8Fe7.2B19.2Si4.8Nb4,803,843,1457,2,0.67,0.67,Cu mold,4
Co57.6Fe14.4B19.2Si4.8Nb4,813,853,1445,2.5,0.67,0.67,Cu mold,4
Co50.4Fe21.6B19.2Si4.8Nb4,820,860,1430,3.5,0.67,0.67,Cu mold,4
Co43.2Fe28.8B19.2Si4.8Nb4,823,865,1418,4,0.67,0.67,Cu mold,4
Au55Cu25Si20,348,383,654,0.5,0.33,0.33,Cu mold,2
Au46Ag5Cu29Si20,395,420,664,1,0.33,0.33,Cu mold,3
Au52Pd2.3Cu29.2Si16.5,393,427,651,2,0.33,0.33,Cu mold,3
Au49Ag5.5Pd2.3Cu26.9Si16.3,401,459,644,5,0.33,0.33,Cu mold,4
Hf47Cu29.25Ni9.75Al14,790,875,1278,10,0.33,0.33,Cu mold,3
Hf48Cu29.25Ni9.75Al13,785,874,1280,10,0.33,0.33,Cu mold,3
Hf51Cu27.75Ni9.25Al12,777,872,1344,8,0.33,0.33,Cu mold,3
Gd60Co25Al15,572,617,952,5,0.67,0.67,Cu mold I,2
Gd60Ni15Al25,603,648,1006,4,0.67,0.67,Cu mold I,2
Zr65Al7.5Cu17.5Ni10,656.5,735.6,1167,16,N.M.,N.M.,Cu mold S,3
Zr57Ti5Al10Cu20Ni8,676.7,720,1145,10,0.33,0.33 K/s,Cu mold,4
Zr65.5Al5.6Ni6.5Cu22.4,630,733,1211,3,N.M.,N.M.,Cu mold S,3
Zr41.2Ti13.8Cu12.5Ni10Be22.5,623,672,996,50,0.67,0.67,CLELP,4
Zr54Cu46,696,746,1201,2,0.33,0.33,Cu mold,1
Zr47Cu46Al7,705,781,1163,3,0.33,0.33,Cu mold,2
Zr41Ti14Cu12.5Ni8Be22.5C2,628,683,997,5,0.33,0.33,Cu mold I,5
Zr41Ti14Cu12.5Ni2Be22.5C8,629,727,992,3,0.33,0.33,Cu mold I,5
Zr26Ti10Cu8Ni8Be20Y4Mg24,650,700,951,5,0.33,0.33,Cu mold I,6
Zr40Ti15Cu11Ni11Be21.5Y1Mg0.5,630,674,975,5,0.33,0.33,Cu mold I,6
Zr48Nb8Cu14Ni12Be18,656,724,1072,8,0.33,0.33,Cu mold I,4
Zr48Nb8Cu12Fe8Be24,658,751,1071,8,0.33,0.33,Cu mold I,4
Zr36Nb12Cu10Ni8Be20Y2Mg12,653,733,1029,5,0.33,0.33,Cu mold I,6
Zr36Nb12Cu10Ni6Fe2Be20Y2Mg12,670,712,1029,5,0.33,0.33,Cu mold I,7
Zr54Al15Ni10Cu19Y2,714,787,1112,5,0.33,0.33,Cu mold I,4
Zr53Al14Ni10Cu19Y4,668,766,1069,5,0.33,0.33,Cu mold I,4
Zr51Cu20.7Ni12Al16.3,722,800,1132,3,0.33,0.33,Cu mold,3
Zr55Al20Co25,761,840,1245,2.5,0.67,0.067,Cu mold,2
Zr48Cu45Al7,698,758,1208,5,0.33,0.33,Cu mold,2
Zr48Cu43Al7Ag2,700,761,1152,12,0.33,0.33,Cu mold,3
Zr48Cu42Al7Ag3,700,763,1135,10,0.33,0.33,Cu mold,3
Zr48Cu40Al7Ag5,699,769,1121,10,0.33,0.33,Cu mold,3
Zr48Cu37Al7Ag8,698,765,1125,10,0.33,0.33,Cu mold,3
Zr48Cu36Ag8Al8,690,791,1143,25,0.67,0.33,Cu mold,3
Zr48Cu34Pd2Ag8Al8,699,794,1140,30,0.67,0.33,Cu mold,4
Zr50Cu48Ag2,668,719,1192,2,0.33,0.33,Cu mold,2
Zr50Cu45Ag5,669,728,1188,4,0.33,0.33,Cu mold,2
Zr50Cu43Ag7,669,727,1171,4,0.33,0.33,Cu mold,2
Zr50Cu40Ag10,667,733,1177,5,0.33,0.33,Cu mold,2
Zr50Cu38Ag12,663,734,1187,4,0.33,0.33,Cu mold,2
Fe72B19.2Si4.8Nb4,835,880,1475,1.5,0.67,0.033,Cu mold I,3
Fe64.8Co7.2B19.2Si4.8Nb4,832,877,1460,2,0.67,0.033,Cu mold I,4
Fe57.6Co9.6B19.2Si4.8Nb4,830,880,1431,2.5,0.67,0.033,Cu mold I,4
Fe50.4Co21.6B19.2Si4.8Nb4,828,878,1413,3.5,0.67,0.033,Cu mold I,4
Fe43.2Co28.8B19.2Si4.8Nb4,825,875,1407,4,0.67,0.033,Cu mold I,4
Fe36Co36B19.2Si4.8Nb4,820,870,1397,5,0.67,0.033,Cu mold I,4
Fe48Cr15Mo14C15B6Y2,839,886,1464,7,0.33,0.33,Cu moldD,5
Fe45Co3Cr15Mo14C15B6Y2,834,880,1446,8,0.33,0.33,Cu moldD,6
Fe43Co5Cr15Mo14C15B6Y2,835,872,1442,9,0.33,0.33,Cu moldD,6
Fe39Co9Cr15Mo14C15B6Y2,838,888,1466,10,0.33,0.33,Cu moldD,6
Fe41Co7Cr15Mo14C15B6Y2,838,875,1436,16,0.33,0.33,Cu moldD,6
Fe61B15Mo7Zr8Co7Y2,904.6,916.4,1490,5,0.17,0.17,Cu moldD,5
Fe61B15Mo7Zr8Co6Y2Al1,899.5,955.6,1495,5,0.17,0.17,Cu moldD,6
Fe61B15Mo7Zr8Co5Y2Cr2,901.1,958.9,1490,5,0.17,0.17,Cu moldD,6
Fe56Mn5Cr7Mo12Er2C12B6,793,832,1401,8,0.17,0.17,Cu mold,6
Fe63C15Mo14Er2B6,771,830,1389,3,0.17,0.17,Cu mold,4
Fe58Cr5Mo14Er2C15B6,793,829,1416,6,0.17,0.17,Cu mold,5
Fe48Cr15Mo14Er2C15B6,844,880,1446,8,0.17,0.17,Cu mold,5
Fe68.3C6.9Si2.5B6.7P8.8Cr2.2Mo2.5Al2.1,795,835,1316,4,0.67,0.33,Cu mold,7
Fe72Nb4B20Si4,842,880,1420,2,0.33,0.33,Cu mold I,3
Fe71.28Nb3.96B19.8Si3.96Y1,855,881,1419,2,0.33,0.33,Cu mold I,4
Fe70.56Nb3.92B19.6Si3.92Y2,855,903,1416,2,0.33,0.33,Cu mold I,4
Fe69.84Nb3.88B19.4Si3.88Y3,859,915,1416,4,0.33,0.33,Cu mold I,4
Fe69.12Nb3.84B19.2Si3.84Y4,905,933,1424,3,0.33,0.33,Cu mold I,4
Fe74Nb6Y3B17,831,879,1391,2,0.67,0.67,Cu mold,3
Fe43.2Co28.8B19.2Si4.8Nb4,826,870,1452,4,0.67,0.33,Cu mold,4
Fe42.768Co28.512B19.008Si4.752Nb3.96Cr1,827,871,1462,4,0.67,0.33,Cu mold,5
Fe42.336Co28.224B18.816Si4.704Nb3.92Cr2,830,873,1469,4,0.67,0.33,Cu mold,5
Fe41.904Co27.936B18.624Si4.656Nb3.880Cr3,831,874,1474,3.5,0.67,0.33,Cu mold,5
Fe41.472Co27.648B18.432Si4.608Nb3.84Cr4,833,874,1481,3,0.67,0.33,Cu mold,5
Fe76Si9B10P5,780,832,1258,2.5,0.67,0.17,Cu mold,3
Fe27Co40Zr3Ti3Mo1.5Si1.5B24,811,856,1379,1.5,0.67,0.33,Cu mold I,6
Fe75.28Si3.51C12.93Tm0.65P7.63,687,752,1284,1,0.67,0.33,Cu mold I,4
Fe74.08Si3.45C12.73Tm0.67P9.1,717,767,1318,1,0.67,0.33,Cu mold I,4
Fe65.5Cr4Mo4Ga4P12C5B5.5,745,806,1322,3,0.67,0.33,Cu mold I,6
Fe76Mo4P9C4B4Si3,744,788,1245,4,0.67,0.067,Cu mold,5
Fe66Co10Mo4P9C4B4Si3,744,788,1221,6,0.67,0.067,Cu mold,6
Fe56Co20Mo4P9C4B4Si3,736,778,1220,5,0.67,0.067,Cu mold,6
Fe46Co30Mo4P9C4B4Si3,734,775,1233,3,0.67,0.067,Cu mold,6
Fe72Y6B22,898,944,1419,2,0.33,0.33,Cu mold I,2
Fe71Ni1Y6B22,883,926,1507,2,0.33,0.33,Cu mold I,3
Fe70Ni2Y6B22,880,925,1509,2,0.33,0.33,Cu mold I,3
Fe69Ni3Y6B22,874,910,1503,1.5,0.33,0.33,Cu mold I,3
Fe68Ni4Y6B22,872,907,1470,1.5,0.33,0.33,Cu mold I,3
Fe67Ni5Y6B22,866,891,1469,1,0.33,0.33,Cu mold I,3
Fe70Co2Y6B22,898,944,1420,2,0.33,0.33,Cu mold I,3
Fe68Co4Y6B22,896,941,1414,2,0.33,0.33,Cu mold I,3
Fe66Co6Y6B22,887,925,1509,2,0.33,0.33,Cu mold I,3
Fe64Co8Y6B22,884,927,1505,2.5,0.33,0.33,Cu mold I,3
Fe62Co10Y6B22,885,932,1503,2.5,0.33,0.33,Cu mold I,3
Fe60Co12Y6B22,881,924,1498,2.5,0.33,0.33,Cu mold I,3
Fe58Co14Y6B22,880,925,1485,2.5,0.33,0.33,Cu mold I,3
Fe56Co16Y6B22,882,927,1494,2.5,0.33,0.33,Cu mold I,3
Fe71Mo1Y6B22,902,960,1517,2.5,0.33,0.33,Cu mold I,3
Fe70Mo2Y6B22,907,969,1508,3.5,0.33,0.33,Cu mold I,3
Fe69Mo3Y6B22,908,958,1488,6,0.33,0.33,Cu mold I,3
Fe68Mo4Y6B22,915,944,1488,6.5,0.33,0.33,Cu mold I,3
Fe67Mo5Y6B22,920,941,1483,3.5,0.33,0.33,Cu mold I,3
Fe76Mo2Ga2P10C4B4Si2,736,788,1247,2,0.67,0.067,Cu mold,6
Fe74Mo4Ga2P10C4B4Si2,740,790,1276,1.5,0.67,0.067,Cu mold,6
Fe75Mo2Ga3P10C4B4Si2,738,798,1230,2.5,0.67,0.067,Cu mold,6
Fe73Mo4Ga3P10C4B4Si2,744,801,1283,2,0.67,0.067,Cu mold,6
Fe79P10C4B4Si3,740,774,1263,1,0.67,0.067,Cu mold,4
Fe78Mo1P10C4B4Si3,742,780,1268,1.5,0.67,0.067,Cu mold,5
Fe77Mo2P10C4B4Si3,742,783,1264,2.5,0.67,0.067,Cu mold,5
Fe76Mo3P10C4B4Si3,750,793,1250,3.5,0.67,0.067,Cu mold,5
Fe75Mo4P10C4B4Si3,752,799,1227,4,0.67,0.067,Cu mold,5
Fe74Mo5P10C4B4Si3,758,799,1263,3,0.67,0.067,Cu mold,5
Fe74.25B9.9Si9.9Zr1,867,919,1469,0.75,1.33,1.33,Cu mold,3
Fe74.25B14.85Si9.9Nb1,815,858,1455,0.5,1.33,1.33,Cu mold,3
Fe73.5B14.7Si9.8Nb2,812,870,1425,1,1.33,1.33,Cu mold,3
Fe72B14.4Si9.6Nb4,835,885,1369,1.5,1.33,1.33,Cu mold,3
Ni60Nb30Ta10,934,961,1559,2,0.67,0.33,Cu mold S,2
Ni61Zr28Nb7Al4,848,898,1348,1,0.67,0.33,Cu mold,3
Ni61Zr22Nb7Al4Ta6,867,927,1379,2,0.67,0.33,Cu mold I,4
Ni59Zr20Ti16Si5,830,876,1304,2,0.33,0.33,Cu mold I,3
Ni59Zr20Ti16Sn5,819,854,1288,1,0.33,0.33,Cu mold I,3
Ni59Zr20Ti16Si2Sn3,821,877,1272,3,0.33,0.33,Cu mold I,4
Ni42Ti20Zr25Al8Cu5,748,803,1366,0.5,0.33,0.33,Cu mold,4
Ni42Ti20Zr22.5Al8Cu5Si2.5,767,833,1367,2,0.33,0.33,Cu mold,5
Ni42Ti20Zr21.5Al8Cu5Si3.5,774,846,1366,2.5,0.33,0.33,Cu mold,5
Ni42Ti20Zr20.5Al8Cu5Si4.5,763,856,1364,2,0.33,0.33,Cu mold,5
Ni42Ti19Zr22.5Al8Cu5Si3.5,780,846,1363,3,0.33,0.33,Cu mold,5
Ni60Nb40,891,924,1478,1,0.67,0.33,Cu mold I,1
Ni60Nb35Zr5,887,911,1458,1.5,0.67,0.33,Cu mold I,2
Ni60Nb30Zr10,875,902,1413,2,0.67,0.33,Cu mold I,2
Ni60Nb25Zr15,860,891,1390,1.5,0.67,0.33,Cu mold I,2
Ni60Nb20Zr20,853,891,1391,0.5,0.67,0.33,Cu mold I,2
Ni60Zr20Ti2.5Nb12.5Al5,836,897,1378,2,0.67,0.33,Cu mold,4
Ni60Zr20Ti5Nb10Al5,826,896,1379,2,0.67,0.33,Cu mold,4
Ni60Zr20Ti7.5Nb7.5Al5,824,885,1385,2,0.67,0.33,Cu mold,4
Ni72B19.2Si4.8Nb4,770,795,1446,0.5,0.67,0.67,Cu mold,3
Ni64.8Fe7.2B19.2Si4.8Nb4,762,795,1408,1,0.67,0.67,Cu mold,4
Ni57.6Fe14.4B19.2Si4.8Nb4,755,795,1381,2,0.67,0.67,Cu mold,4
Ni50.4Fe21.6B19.2Si4.8Nb4,750,795,1356,2.5,0.67,0.67,Cu mold,4
Ni43.2Fe28.8B19.2Si4.896Nb4,745,795,1348,3,0.67,0.67,Cu mold,4
"La70Al14(Cu, Ni)16",404,429,763,0.5,0.67,0.67,Cu mold,3
"La68Al14(Cu, Ni)18",405,431,724,1,0.67,0.67,Cu mold,3
"La66Al14(Cu, Ni)20",405,431,674,1.5,0.67,0.67,Cu mold,3
"La62Al14(Cu, Ni)24",417,446,738,10,0.67,0.67,Cu mold,3
"Pr68(Cu, Ni)25Al7",399,416,703,1.5,0.33,0.33,Cu mold S,3
"Pr72(Cu, Ni)25Al3",367,402,743,1.5,0.33,0.33,Cu mold S,3
"Pr72(Cu, Ni)21Al7",395,410,760,1.5,0.33,0.33,Cu mold S,3
"La70.0Al12.4(Cu, Ni)17.6",397,418,759,0.5,0.33,0.33,Cu mold S,3
"La68.0Al13.2(Cu, Ni)18.8",400,426,743,1,0.33,0.33,Cu mold S,3
"La66.0Al14.0(Cu, Ni)20.0",404,435,703,1.5,0.33,0.33,Cu mold S,3
"La64.6Al14.6(Cu, Ni)20.8",406,442,706,5,0.33,0.33,Cu mold S,3
"La63.1Al15.2(Cu, Ni)21.7",408,448,709,10,0.33,0.33,Cu mold S,3
"La62.0Al15.6(Cu, Ni)22.4",410,453,712,11,0.33,0.33,Cu mold S,3
"La61.4Al15.9(Cu, Ni)22.7",413,459,729,10.5,0.33,0.33,Cu mold S,3
"La60.5Al16.3(Cu, Ni)23.2",414,465,734,8,0.33,0.33,Cu mold S,3
"La59.6Al16.6(Cu, Ni)23.8",416,475,750,8,0.33,0.33,Cu mold S,3
"La58.6Al17.0(Cu, Ni)24.4",421,489,774,5,0.33,0.33,Cu mold S,3
"La57.6Al17.5(Cu, Ni)24.9",425,499,790,8,0.33,0.33,Cu mold S,3
"La56.5Al17.9(Cu, Ni)25.6",433,492,823,2,0.33,0.33,Cu mold S,3
"La55.4Al18.4(Cu, Ni)26.2",426,491,881,2,0.33,0.33,Cu mold S,3
Zr62.5Al12.1Cu7.95Ni17.45,672.3,743.8,1172.2,7.5,0.33,0.33,Cu mold,3
Zr63.5Al10.7Cu10.7Ni15.1,658.4,729.9,1165.8,6,0.33,0.33,Cu mold,3
Zr62.5Al12.1Cu7.95Ni17.45,668.9,738.2,1171.1,7.5,0.24,0.24,Cu mold,3
Zr63Al11.4Cu9.3Ni16.3,663.3,732.2,1164.3,6.5,0.24,0.24,Cu mold,3
Zr63.5Al10.7Cu10.7Ni15.1,653.5,724.5,1157.3,6,0.24,0.24,Cu mold,3
Zr64Al10.1Cu11.7Ni14.2,657.9,717.3,1158.5,5,0.24,0.24,Cu mold,3
Zr65Al8.7Cu14.4Ni11.9,647,709.5,1164.8,4,0.24,0.24,Cu mold,3
Zr61.5Al10.7Cu13.65Ni14.15,669.9,737.5,1154.6,5.5,0.33,0.33,Cu mold,3
Fe71Nb6B23,819,865,1494,1.5,0.33,0.33,Cu mold S,2
(Fe80Co20)71Nb6B23,809,864,1475,2,0.33,0.33,Cu mold S,3
Fe56.8Co14.2Nb5B24,823,868,1496,2,0.33,0.33,Cu mold S,3
Fe55.8Co14.2Nb6B24,821,868,1477,2,0.33,0.33,Cu mold S,3
Fe56.05Co13.45Nb5.5B25,821,879,1510,2.5,0.33,0.33,Cu mold S,3
Y6Fe72B22,898.4,948.6,1412.6,2,0.33,0.33,Cu mold I,2
(Y0.06Fe0.72B0.22)98Ti2,914.5,973.7,1416,3,0.33,0.33,Cu mold I,3
(Y0.06Fe0.72B0.22)98Ta2,917.3,978.8,1415.4,4,0.33,0.33,Cu mold I,3
(Y0.06Fe0.72B0.22)98Nb2,918,980,1411.5,4,0.33,0.33,Cu mold I,3
Mg65Ni20La15,451,480,812,0.5,0.33,0.33,Cu mold I,2
Mg70Ni20La10,447,475,791,0.4,0.33,0.33,Cu mold I,2
Mg70Ni13La17,474,474,803,0.35,0.33,0.33,Cu mold I,2
Mg71Ni18La11,451,479,796,0.5,0.33,0.33,Cu mold I,2
Mg69Ni18La13,449,478,797,0.5,0.33,0.33,Cu mold I,2
Mg60Ni23.6La16.4,450,490,819,2.5,0.33,0.33,Cu mold I,2
Mg69Ni15La16,455,481,800,1,0.33,0.33,Cu mold I,2
Mg60Ni20La20,458,485,851,0.2,0.33,0.33,Cu mold I,2
Mg57Ni26La17,454,499,831,2,0.33,0.33,Cu mold I,2
Mg50Ni30La20,453,510,841,1,0.33,0.33,Cu mold I,2
Mg60Ni23.6La16.4,450,490,819,2.5,0.33,0.33,Cu mold I,2
Mg60Ni23.6Y0.25La16.15,456,491,829,3.5,0.33,0.33,Cu mold I,3
Mg60Ni23.6Y0.5La15.9,456,492,829,4,0.33,0.33,Cu mold I,3
Mg60Ni23.6Y0.75La15.65,456,495,839,4,0.33,0.33,Cu mold I,3
Mg60Ni23.6Y1La15.4,454,491,827,3,0.33,0.33,Cu mold I,3
Mg60Ni23.6Si0.25La16.15,453,492,826,1,0.33,0.33,Cu mold I,3
Mg60Ni23.6Si0.5La15.9,457,492,828,1,0.33,0.33,Cu mold I,3
Mg60Ni23.6Y0.25Si0.25La15.9,456,492,824,2,0.33,0.33,Cu mold I,4
Mg60Ni23.6Y0.5Si0.1La15.8,453,494,828,1.5,0.33,0.33,Cu mold I,4
Mg60Ni23.6Y0.5Si0.5La15.75,457,490,824,1,0.33,0.33,Cu mold I,4
Mg60Ni23.6B0.5La15.9,454,493,824,2,0.33,0.33,Cu mold I,3
Mg60Ni23.6B2.89La13.51,453,498,811,1,0.33,0.33,Cu mold I,3
Fe71Mo2Nb3P12C10B2,719,757,1305,1,0.33,0.33,Cu mold S,5
Fe71Mo3Nb2P12C10B2,724,766,1305,1,0.33,0.33,Cu mold S,5
Fe71Mo4Nb1P12C10B2,729,777,1296,2,0.33,0.33,Cu mold S,5
(Zr0.55Al0.20Co0.20Cu0.05)100,737,815,1285,5,0.33,0.33,Cu mold I,3
(Zr0.55Al0.20Co0.20Cu0.05)99Ag1,739,813,1275,10,0.33,0.33,Cu mold I,4
(Zr0.55Al0.20Co0.20Cu0.05)97Ag3,740,805,1246,16,0.33,0.33,Cu mold I,4
(Zr0.55Al0.20Co0.20Cu0.05)95Ag5,747,806,1220,16,0.33,0.33,Cu mold I,4
(Zr0.55Al0.20Co0.20Cu0.05)93Ag7,753,806,1222,14,0.33,0.33,Cu mold I,4
Fe72Y6B22,856,942,1419,2,0.33,0.33,Cu mold S,2
Fe71W1Y6B22,845,956,1423,3,0.33,0.33,Cu mold S,3
Fe70W2Y6B22,867,970,1521,3,0.33,0.33,Cu mold S,3
Fe69W3Y6B22,868,973,1505,4,0.33,0.33,Cu mold S,3
Fe68W4Y6B22,874,971,1504,4,0.33,0.33,Cu mold S,3
Fe67W5Y6B22,882,970,1497,3,0.33,0.33,Cu mold S,3
Fe66W6Y6B22,897,981,1497,2,0.33,0.33,Cu mold S,3
Ca60Mg25Cu15,390,416,676,2,0.33,0.33,Cu mold,2
Ca55Mg25Cu20,398,428,668,8,0.33,0.33,Cu mold,2
Ca50Mg25Cu25,400,439,655,9,0.33,0.33,Cu mold,2
Ca45Mg25Cu30,400,438,678,6,0.33,0.33,Cu mold,2
Ca40Mg25Cu35,399,436,680,4,0.33,0.33,Cu mold,2
Ca35Mg25Cu40,386,429,748,3.5,0.33,0.33,Cu mold,2
Ca30Mg25Cu45,387,430,798,2.5,0.33,0.33,Cu mold,2
Fe36Co36B19.2Si4.8Nb4,817,856,1359,2,0.67,0.67,Cu mold,4
Cu54.5Mg27.3Ca18.2,402,419,921,0.5,0.33,0.33,Cu mold I,2
Cu54.5Mg18.2Ca27.3,401,423,884,1,0.33,0.33,Cu mold I,2
Cu50Mg22.7Ca27.3,392,410,864,1.5,0.33,0.33,Cu mold I,2
Cu50Mg18.2Ca31.8,392,421,828,2,0.33,0.33,Cu mold I,2
Cu45.5Mg36.4Ca18.1,391,420,851,2,0.33,0.33,Cu mold I,2
Cu45.5Mg31.8Ca22.7,389,410,843,1.25,0.33,0.33,Cu mold I,2
Cu45.5Mg27.3Ca27.2,395,410,831,1.5,0.33,0.33,Cu mold I,2
Cu45.5Mg22.7Ca31.8,388,427,793,3,0.33,0.33,Cu mold I,2
Cu45.5Mg18.1Ca36.4,397,426,735,3,0.33,0.33,Cu mold I,2
Cu40.9Mg36.4Ca22.7,394,414,821,1.5,0.33,0.33,Cu mold I,2
Cu40.9Mg31.8Ca27.3,392,414,785,3,0.33,0.33,Cu mold I,2
Cu40.9Mg27.3Ca31.8,391,430,745,4,0.33,0.33,Cu mold I,2
Cu40.9Mg22.7Ca36.4,396,432,719,5,0.33,0.33,Cu mold I,2
Cu40.9Mg18.2Ca40.9,393,431,717,3,0.33,0.33,Cu mold I,2
Cu36.4Mg36.4Ca27.2,382,400,750,5,0.33,0.33,Cu mold I,2
Cu36.4Mg31.8Ca31.8,388,400,742,8,0.33,0.33,Cu mold I,2
Cu36.4Mg27.2Ca36.4,383,412,706,8,0.33,0.33,Cu mold I,2
Cu33.3Mg33.3Ca33.3,391,406,731,3,0.33,0.33,Cu mold I,2
Ag61.5Mg15.4Ca23.1,486,526,920,0.7,0.33,0.33,Cu mold I,2
Ag61.5Mg23.1Ca15.4,440,485,919,0.5,0.33,0.33,Cu mold I,2
Ag53.8Mg15.4Ca30.8,444,498,812,0.8,0.33,0.33,Cu mold I,2
Ag53.8Mg23.1Ca23.1,451,488,887,0.7,0.33,0.33,Cu mold I,2
Ag46.2Mg15.3Ca38.4,407,439,809,0.3,0.33,0.33,Cu mold I,2
Ag46.2Mg23.1Ca30.7,399,426,765,0.7,0.33,0.33,Cu mold I,2
Ag46.2Mg30.7Ca23.1,393,427,880,0.5,0.33,0.33,Cu mold I,2
Ag38.4Mg30.8Ca30.8,394,426,805,0.5,0.33,0.33,Cu mold I,2
Ag38.4Mg38.4Ca23.2,391,425,796,1.1,0.33,0.33,Cu mold I,2
Ag53.8Mg7.7Ca30.5Cu7.7,428,488,843,0.3,0.33,0.33,Cu mold I,3
Ag53.8Mg15.4Ca23.1Cu7.7,433,463,831,0.5,0.33,0.33,Cu mold I,3
Ag53.8Mg23.1Ca15.4Cu7.7,407,463,877,0.5,0.33,0.33,Cu mold I,3
Ag50Mg11.5Ca30.8Cu7.7,452,487,809,1,0.33,0.33,Cu mold I,3
Ag50Mg19.2Ca23.1Cu7.7,426,466,797,1.2,0.33,0.33,Cu mold I,3
Ag46.2Mg15.4Ca30.5Cu7.7,414,445,805,0.8,0.33,0.33,Cu mold I,3
Ag46.2Mg23.2Ca23Cu7.7,398,430,825,2,0.33,0.33,Cu mold I,3
Ag38.5Mg23Ca30.8Cu7.7,384,416,854,2,0.33,0.33,Cu mold I,3
Ag38.5Mg30.8Ca23.1Cu7.7,387,420,833,3,0.33,0.33,Cu mold I,3
Ag38.5Mg38.5Ca15.4Cu7.7,405,436,842,0.5,0.33,0.33,Cu mold I,3
Ag30.8Mg30.8Ca30.8Cu7.7,407,427,809,2,0.33,0.33,Cu mold I,3
Ag30.8Mg23.1Ca30.8Cu15.4,413,432,803,2.5,0.33,0.33,Cu mold I,2
Zr45Ti21Ni34,642,683,1134,0.68,0.67,0.08,Cu mold S,2
Zr49Ti17Ni20Cu14,631,669,1087,3,0.67,0.08,Cu mold S,3
Zr49Ti14Ni20Cu17,625,674,1095,4,0.67,0.08,Cu mold S,3
Fe76.0C7.0Si3.3B5.0P8.7,779,795,1292,1,0.33,0.33,Cu mold S,4
Fe75.0C7.0Si3.3B5.0P8.7Ga1.0,781,794,1282,3,0.33,0.33,Cu mold S,5
Fe74.0C7.0Si3.3B5.0P8.7Ga2.0,784,800,1283,3,0.33,0.33,Cu mold S,5
Fe72.0C7.0Si3.3B5.0P8.7Ga4.0,782,801,1290,2,0.33,0.33,Cu mold S,5
Zr70Al8Cu19Ni3,630,689,1200,1.5,0.67,0.33,Cu mold I,3
Zr70Al8Cu16Ni6,641,707,1179,6,0.67,0.33,Cu mold I,3
Zr70Al8Cu13.5Ni8.5,625,707,1171,10,0.67,0.33,Cu mold I,3
Zr70Al8Cu11Ni11,633,706,1175,8,0.67,0.33,Cu mold I,3
Zr70Al8Cu6Ni16,631,705,1205,8,0.67,0.33,Cu mold I,3
Zr70Al8Cu3Ni19,640,710,1220,1.5,0.67,0.33,Cu mold I,3
(Zr0.62Cu0.23Fe0.05Al0.10)100Ag0,651,751,1186,3,0.33,0.33,Cu mold,4
(Zr0.62Cu0.23Fe0.05Al0.10)99Ag1,656,753,1175,4,0.33,0.33,Cu mold,4
(Zr0.62Cu0.23Fe0.05Al0.10)97Ag3,658,743,1181,10,0.33,0.33,Cu mold,4
(Zr0.62Cu0.23Fe0.05Al0.10)95Ag5,663,747,1189,5,0.33,0.33,Cu mold,4
(Zr0.62Cu0.23Fe0.05Al0.10)93Ag7,664,751,1191,4,0.33,0.33,Cu mold,4
Fe73Nb4Hf3Y0B20,836,899,1448,2,0.67,0.67,Cu mold,4
Fe72Nb4Hf3Y1B20,841,916,1446,3,0.67,0.67,Cu mold,4
Fe71Nb4Hf3Y2B20,850,928,1432,4,0.67,0.67,Cu mold,4
Fe70Nb4Hf3Y3B20,850,924,1437,3.5,0.67,0.67,Cu mold,4
Cu50Zr43Al7,713,781,1205,10,0.33,0.33,Cu mold,2
(Cu50Zr43Al7)99.5Si0.5,719,791,1214,10,0.33,0.33,Cu mold,3
(Cu50Zr43Al7)99Si1,720,797,1226,12,0.33,0.33,Cu mold,3
(Cu50Zr43Al7)98.5Si1.5,737,798,1243,4,0.33,0.33,Cu mold,3
(Cu50Zr43Al7)98Si2,740,800,1256,3,0.33,0.33,Cu mold,3
Mg75Ni15Gd10,449,482,799.1,3,0.33,0.33,Cu mold I,2
Mg74Ni15Gd10Ag1,442.3,482.7,791.4,3,0.33,0.33,Cu mold I,3
Mg73Ni15Gd10Ag2,442.3,488.7,779.8,3.5,0.33,0.33,Cu mold I,3
Mg71Ni15Gd10Ag4,440.3,485,773.5,4,0.33,0.33,Cu mold I,3
Mg70Ni15Gd10Ag5,449.6,479.1,764.2,5,0.33,0.33,Cu mold I,3
Mg69Ni15Gd10Ag6,439.2,474.5,756.9,7,0.33,0.33,Cu mold I,3
Mg68Ni15Gd10Ag7,437.3,472.8,746.9,4,0.33,0.33,Cu mold I,3
(Fe72Mo4B24)96Dy4,848,923,1396,2,0.33,0.33,Cu mold,3
(Fe72Mo4B24)95Dy5,853,942,1401,2,0.33,0.33,Cu mold,3
(Fe72Mo4B24)94Dy6,854,945,1400,3,0.33,0.33,Cu mold,3
(Fe72Mo4B24)93Dy7,880,957,1406,2,0.33,0.33,Cu mold,3
[(Fe0.9Co0.1)72Mo4B24]94Dy6,860,945,1385,2,0.33,0.17,Cu mold,4
[(Fe0.8Co0.2)72Mo4B24]94Dy6,852,944,1370,3,0.33,0.17,Cu mold,4
[(Fe0.7Co0.3)72Mo4B24]94Dy6,845,929,1367,2,0.33,0.17,Cu mold,4
[(Fe0.6Co0.4)72Mo4B24]94Dy6,847,927,1366,2,0.33,0.17,Cu mold,4
[(Fe0.5Co0.5)72Mo4B24]94Dy6,831,912,1365,2,0.33,0.17,Cu mold,4
La62Cu24Al10.8Mg3.2,387,421,710,10,0.33,0.33,Cu mold S,3
La62Cu24Al10.5Mg3.5,386,431,712,10,0.33,0.33,Cu mold S,3
La62Cu24Al9.8Mg4.2,386,440,719,10,0.33,0.33,Cu mold S,3
Gd55Ni22Mn3Al20,553,603,955,2,0.33,0.33,Cu mold S,3
Ti44.10Zr9.80Cu37.04Ni7.06Sn2.00,650,692,1167,2,0.33,0.33,Cu mold S,4
Ti43.15Zr9.59Cu36.24Ni9.06Sn1.96,649,699,1167,3,0.33,0.33,Cu mold S,4
(Ti0.45Cu0.378Zr0.10Ni0.072)100?0Sn0,641,680,1167,1,0.33,0.33,Cu mold,4
(Ti0.45Cu0.378Zr0.10Ni0.072)100?2Sn2,650,692,1167,2,0.33,0.33,Cu mold,4
(Ti0.45Cu0.378Zr0.10Ni0.072)100?4Sn4,666,715,1156,2,0.33,0.33,Cu mold,4
(Ti0.45Cu0.378Zr0.10Ni0.072)100?6Sn6,683,739,1169,1,0.33,0.33,Cu mold,4
Zr46Cu27.64Ag8.36Al8Be10,697,813,1129,35,0.33,0.33,Cu mold,4
Zr48Cu36Al8Ag8,690,791,1143,25,0.67,0.33,Cu mold,3
Zr46Ti2Cu36Al8Ag8,696,750,1145,10,0.67,0.33,Cu mold,4
Zr44Ti4Cu36Al8Ag8,700,738,1181,9,0.67,0.33,Cu mold,4
Zr42Ti6Cu36Al8Ag8,704,731,1212,4,0.67,0.33,Cu mold,4
Zr46Hf2Cu36Al8Ag8,692,794,1147,20,0.67,0.33,Cu mold,4
Zr44Hf4Cu36Al8Ag8,694,795,1155,20,0.67,0.33,Cu mold,4
Zr42Hf6Cu36Al8Ag8,695,796,1187,15,0.67,0.33,Cu mold,4
Zr46Nb2Cu36Al8Ag8,707,765,1150,10,0.67,0.33,Cu mold,4
Zr44Nb4Cu36Al8Ag8,709,759,1209,9,0.67,0.33,Cu mold,4
Zr42Nb6Cu36Al8Ag8,715,755,1218,4,0.67,0.33,Cu mold,4
Zr46Fe2Cu36Al8Ag8,705,806,1169,10,0.67,0.33,Cu mold,4
Zr44Fe4Cu36Al8Ag8,706,799,1213,9,0.67,0.33,Cu mold,4
Zr42Fe6Cu36Al8Ag8,708,797,1238,4,0.67,0.33,Cu mold,4
Zr46Au2Cu36Al8Ag8,705,799,1153,20,0.67,0.33,Cu mold,4
Zr44Au4Cu36Al8Ag8,713,806,1153,20,0.67,0.33,Cu mold,4
Zr42Au6Cu36Al8Ag8,723,813,1159,15,0.67,0.33,Cu mold,4
Zr46Pd2Cu36Al8Ag8,699,794,1140,30,0.67,0.33,Cu mold,4
Zr44Pd4Cu36Al8Ag8,705,795,1153,25,0.67,0.33,Cu mold,4
Zr42Pd6Cu36Al8Ag8,709,796,1155,20,0.67,0.33,Cu mold,4
Zr46Ni2Cu36Al8Ag8,687,797,1131,25,0.67,0.33,Cu mold,4
Zr44Ni4Cu36Al8Ag8,693,788,1129,30,0.67,0.33,Cu mold,4
Zr42Ni6Cu36Al8Ag8,695,779,1131,25,0.67,0.33,Cu mold,4
(Fe0.74Tb0.01B0.2Si0.05)96Nb4,836,882,1459,1,0.67,0.067,Cu mold,4
(Fe0.73Tb0.02B0.2Si0.05)96Nb4,844,914,1440,2.5,0.67,0.067,Cu mold,4
(Fe0.72Tb0.03B0.2Si0.05)96Nb4,860,940,1422,3,0.67,0.067,Cu mold,4
(Fe0.71Tb0.04B0.2Si0.05)96Nb4,869,969,1397,3.5,0.67,0.067,Cu mold,4
(Fe0.70Tb0.05B0.2Si0.05)96Nb4,935,995,1396,3.5,0.67,0.067,Cu mold,4
(Fe0.69Tb0.06B0.2Si0.05)96Nb4,952,1012,1411,3,0.67,0.067,Cu mold,4
(Fe0.68Tb0.07B0.2Si0.05)96Nb4,959,1019,1438,2,0.67,0.067,Cu mold,4
